{
    "name": "Logistic Regression model",
    "numFeatures": 3,
    "accuracy": 0.6717557251908397,
    "precision": 0.7087378640776699,
    "recall": 0.8488372093023255,
    "confusionMatrix": [
        [
            15,
            30
        ],
        [
            13,
            73
        ]
    ],
    "falsePositiveRate": [
        0.0,
        0.022222222222222223,
        0.022222222222222223,
        0.044444444444444446,
        0.044444444444444446,
        0.06666666666666667,
        0.06666666666666667,
        0.08888888888888889,
        0.08888888888888889,
        0.1111111111111111,
        0.1111111111111111,
        0.13333333333333333,
        0.13333333333333333,
        0.15555555555555556,
        0.15555555555555556,
        0.2,
        0.2,
        0.2222222222222222,
        0.2222222222222222,
        0.24444444444444444,
        0.24444444444444444,
        0.26666666666666666,
        0.26666666666666666,
        0.3111111111111111,
        0.3111111111111111,
        0.3333333333333333,
        0.3333333333333333,
        0.35555555555555557,
        0.35555555555555557,
        0.4222222222222222,
        0.4222222222222222,
        0.4444444444444444,
        0.4444444444444444,
        0.4666666666666667,
        0.4666666666666667,
        0.4888888888888889,
        0.4888888888888889,
        0.5555555555555556,
        0.5555555555555556,
        0.5777777777777777,
        0.5777777777777777,
        0.6,
        0.6,
        0.6666666666666666,
        0.6666666666666666,
        0.7111111111111111,
        0.7111111111111111,
        0.7333333333333333,
        0.7333333333333333,
        0.7555555555555555,
        0.7555555555555555,
        0.7777777777777778,
        0.7777777777777778,
        0.8222222222222222,
        0.8222222222222222,
        0.8888888888888888,
        0.8888888888888888,
        0.9111111111111111,
        0.9111111111111111,
        0.9333333333333333,
        0.9333333333333333,
        1.0
    ],
    "truePositiveRate": [
        0.0,
        0.0,
        0.03488372093023256,
        0.03488372093023256,
        0.1511627906976744,
        0.1511627906976744,
        0.16279069767441862,
        0.16279069767441862,
        0.2441860465116279,
        0.2441860465116279,
        0.26744186046511625,
        0.26744186046511625,
        0.27906976744186046,
        0.27906976744186046,
        0.3372093023255814,
        0.3372093023255814,
        0.36046511627906974,
        0.36046511627906974,
        0.37209302325581395,
        0.37209302325581395,
        0.3953488372093023,
        0.3953488372093023,
        0.4418604651162791,
        0.4418604651162791,
        0.5581395348837209,
        0.5581395348837209,
        0.5813953488372093,
        0.5813953488372093,
        0.6046511627906976,
        0.6046511627906976,
        0.627906976744186,
        0.627906976744186,
        0.6395348837209303,
        0.6395348837209303,
        0.7093023255813954,
        0.7093023255813954,
        0.7209302325581395,
        0.7209302325581395,
        0.7441860465116279,
        0.7441860465116279,
        0.7674418604651163,
        0.7674418604651163,
        0.8023255813953488,
        0.8023255813953488,
        0.8604651162790697,
        0.8604651162790697,
        0.8837209302325582,
        0.8837209302325582,
        0.8953488372093024,
        0.8953488372093024,
        0.9069767441860465,
        0.9069767441860465,
        0.9186046511627907,
        0.9186046511627907,
        0.9418604651162791,
        0.9418604651162791,
        0.9651162790697675,
        0.9651162790697675,
        0.9883720930232558,
        0.9883720930232558,
        1.0,
        1.0
    ],
    "areaUnderCurve": 0.641343669250646,
    "features": [
        "feat_asymmetry",
        "feat_border_irregularity",
        "feat_multiColorRate"
    ],
    "featureImportances": null
}