{
    "name": "Logistic Regression model",
    "numFeatures": 3,
    "accuracy": 0.6443914081145584,
    "precision": 0.6482558139534884,
    "recall": 0.8884462151394422,
    "confusionMatrix": [
        [
            47,
            121
        ],
        [
            28,
            223
        ]
    ],
    "falsePositiveRate": [
        0.0,
        0.0,
        0.0,
        0.017857142857142856,
        0.017857142857142856,
        0.03571428571428571,
        0.03571428571428571,
        0.047619047619047616,
        0.047619047619047616,
        0.05952380952380952,
        0.05952380952380952,
        0.06547619047619048,
        0.06547619047619048,
        0.07142857142857142,
        0.07142857142857142,
        0.07738095238095238,
        0.07738095238095238,
        0.08333333333333333,
        0.08333333333333333,
        0.08928571428571429,
        0.08928571428571429,
        0.10714285714285714,
        0.10714285714285714,
        0.1130952380952381,
        0.1130952380952381,
        0.11904761904761904,
        0.11904761904761904,
        0.125,
        0.125,
        0.13095238095238096,
        0.13095238095238096,
        0.13690476190476192,
        0.13690476190476192,
        0.14285714285714285,
        0.14285714285714285,
        0.1488095238095238,
        0.1488095238095238,
        0.15476190476190477,
        0.15476190476190477,
        0.16071428571428573,
        0.16071428571428573,
        0.17261904761904762,
        0.17261904761904762,
        0.17857142857142858,
        0.17857142857142858,
        0.18452380952380953,
        0.18452380952380953,
        0.19047619047619047,
        0.19047619047619047,
        0.20238095238095238,
        0.20238095238095238,
        0.20833333333333334,
        0.20833333333333334,
        0.22023809523809523,
        0.22023809523809523,
        0.23214285714285715,
        0.23214285714285715,
        0.24404761904761904,
        0.24404761904761904,
        0.25595238095238093,
        0.25595238095238093,
        0.26785714285714285,
        0.26785714285714285,
        0.27380952380952384,
        0.27380952380952384,
        0.2857142857142857,
        0.2857142857142857,
        0.2916666666666667,
        0.2916666666666667,
        0.2976190476190476,
        0.2976190476190476,
        0.30952380952380953,
        0.30952380952380953,
        0.32142857142857145,
        0.32142857142857145,
        0.3273809523809524,
        0.3273809523809524,
        0.3392857142857143,
        0.3392857142857143,
        0.35119047619047616,
        0.35119047619047616,
        0.3630952380952381,
        0.3630952380952381,
        0.375,
        0.375,
        0.38095238095238093,
        0.38095238095238093,
        0.39285714285714285,
        0.39285714285714285,
        0.39880952380952384,
        0.39880952380952384,
        0.4166666666666667,
        0.4166666666666667,
        0.4226190476190476,
        0.4226190476190476,
        0.42857142857142855,
        0.42857142857142855,
        0.43452380952380953,
        0.43452380952380953,
        0.44047619047619047,
        0.44047619047619047,
        0.44642857142857145,
        0.44642857142857145,
        0.4583333333333333,
        0.4583333333333333,
        0.4642857142857143,
        0.4642857142857143,
        0.47619047619047616,
        0.47619047619047616,
        0.48214285714285715,
        0.48214285714285715,
        0.4880952380952381,
        0.4880952380952381,
        0.49404761904761907,
        0.49404761904761907,
        0.5,
        0.5,
        0.5059523809523809,
        0.5059523809523809,
        0.5119047619047619,
        0.5119047619047619,
        0.5238095238095238,
        0.5238095238095238,
        0.5297619047619048,
        0.5297619047619048,
        0.5476190476190477,
        0.5476190476190477,
        0.5595238095238095,
        0.5595238095238095,
        0.5654761904761905,
        0.5654761904761905,
        0.5773809523809523,
        0.5773809523809523,
        0.6130952380952381,
        0.6130952380952381,
        0.625,
        0.625,
        0.6428571428571429,
        0.6428571428571429,
        0.6488095238095238,
        0.6488095238095238,
        0.6547619047619048,
        0.6547619047619048,
        0.6607142857142857,
        0.6607142857142857,
        0.6666666666666666,
        0.6666666666666666,
        0.6726190476190477,
        0.6726190476190477,
        0.6904761904761905,
        0.6904761904761905,
        0.6964285714285714,
        0.6964285714285714,
        0.7083333333333334,
        0.7083333333333334,
        0.7142857142857143,
        0.7142857142857143,
        0.7261904761904762,
        0.7261904761904762,
        0.7321428571428571,
        0.7321428571428571,
        0.7440476190476191,
        0.7440476190476191,
        0.75,
        0.75,
        0.7559523809523809,
        0.7559523809523809,
        0.7619047619047619,
        0.7619047619047619,
        0.7678571428571429,
        0.7678571428571429,
        0.7797619047619048,
        0.7797619047619048,
        0.7976190476190477,
        0.7976190476190477,
        0.8035714285714286,
        0.8035714285714286,
        0.8095238095238095,
        0.8095238095238095,
        0.8333333333333334,
        0.8333333333333334,
        0.8392857142857143,
        0.8392857142857143,
        0.875,
        0.875,
        0.8809523809523809,
        0.8809523809523809,
        0.8988095238095238,
        0.8988095238095238,
        0.9166666666666666,
        0.9166666666666666,
        0.9226190476190477,
        0.9226190476190477,
        0.9583333333333334,
        0.9583333333333334,
        0.9702380952380952,
        0.9702380952380952,
        1.0
    ],