{
    "name": "Logistic Regression model",
    "numFeatures": 4,
    "accuracy": 0.649164677804296,
    "precision": 0.6566265060240963,
    "recall": 0.8685258964143426,
    "confusionMatrix": [
        [
            54,
            114
        ],
        [
            33,
            218
        ]
    ],
    "falsePositiveRate": [
        0.0,
        0.0,
        0.0,
        0.011904761904761904,
        0.011904761904761904,
        0.023809523809523808,
        0.023809523809523808,
        0.02976190476190476,
        0.02976190476190476,
        0.03571428571428571,
        0.03571428571428571,
        0.047619047619047616,
        0.047619047619047616,
        0.05357142857142857,
        0.05357142857142857,
        0.05952380952380952,
        0.05952380952380952,
        0.06547619047619048,
        0.06547619047619048,
        0.07142857142857142,
        0.07142857142857142,
        0.07738095238095238,
        0.07738095238095238,
        0.08928571428571429,
        0.08928571428571429,
        0.09523809523809523,
        0.09523809523809523,
        0.10119047619047619,
        0.10119047619047619,
        0.10714285714285714,
        0.10714285714285714,
        0.1130952380952381,
        0.1130952380952381,
        0.11904761904761904,
        0.11904761904761904,
        0.125,
        0.125,
        0.13690476190476192,
        0.13690476190476192,
        0.14285714285714285,
        0.14285714285714285,
        0.1488095238095238,
        0.1488095238095238,
        0.16666666666666666,
        0.16666666666666666,
        0.17261904761904762,
        0.17261904761904762,
        0.19047619047619047,
        0.19047619047619047,
        0.19642857142857142,
        0.19642857142857142,
        0.20238095238095238,
        0.20238095238095238,
        0.20833333333333334,
        0.20833333333333334,
        0.2261904761904762,
        0.2261904761904762,
        0.24404761904761904,
        0.24404761904761904,
        0.25,
        0.25,
        0.25595238095238093,
        0.25595238095238093,
        0.26785714285714285,
        0.26785714285714285,
        0.27380952380952384,
        0.27380952380952384,
        0.27976190476190477,
        0.27976190476190477,
        0.32142857142857145,
        0.32142857142857145,
        0.3273809523809524,
        0.3273809523809524,
        0.3333333333333333,
        0.3333333333333333,
        0.3392857142857143,
        0.3392857142857143,
        0.3630952380952381,
        0.3630952380952381,
        0.36904761904761907,
        0.36904761904761907,
        0.375,
        0.375,
        0.38095238095238093,
        0.38095238095238093,
        0.3869047619047619,
        0.3869047619047619,
        0.39285714285714285,
        0.39285714285714285,
        0.39880952380952384,
        0.39880952380952384,
        0.4226190476190476,
        0.4226190476190476,
        0.42857142857142855,
        0.42857142857142855,
        0.43452380952380953,
        0.43452380952380953,
        0.44047619047619047,
        0.44047619047619047,
        0.44642857142857145,
        0.44642857142857145,
        0.4523809523809524,
        0.4523809523809524,
        0.4583333333333333,
        0.4583333333333333,
        0.47023809523809523,
        0.47023809523809523,
        0.47619047619047616,
        0.47619047619047616,
        0.4880952380952381,
        0.4880952380952381,
        0.49404761904761907,
        0.49404761904761907,
        0.5059523809523809,
        0.5059523809523809,
        0.5654761904761905,
        0.5654761904761905,
        0.5714285714285714,
        0.5714285714285714,
        0.5833333333333334,
        0.5833333333333334,
        0.5892857142857143,
        0.5892857142857143,
        0.6071428571428571,
        0.6071428571428571,
        0.6190476190476191,
        0.6190476190476191,
        0.6309523809523809,
        0.6309523809523809,
        0.6428571428571429,
        0.6428571428571429,
        0.6488095238095238,
        0.6488095238095238,
        0.6607142857142857,
        0.6607142857142857,
        0.6666666666666666,
        0.6666666666666666,
        0.6726190476190477,
        0.6726190476190477,
        0.6785714285714286,
        0.6785714285714286,
        0.6845238095238095,
        0.6845238095238095,
        0.6904761904761905,
        0.6904761904761905,
        0.7142857142857143,
        0.7142857142857143,
        0.7202380952380952,
        0.7202380952380952,
        0.7261904761904762,
        0.7261904761904762,
        0.7380952380952381,
        0.7380952380952381,
        0.7738095238095238,
        0.7738095238095238,
        0.7797619047619048,
        0.7797619047619048,
        0.7976190476190477,
        0.7976190476190477,
        0.8392857142857143,
        0.8392857142857143,
        0.8452380952380952,
        0.8452380952380952,
        0.8511904761904762,
        0.8511904761904762,
        0.8630952380952381,
        0.8630952380952381,
        0.8690476190476191,
        0.8690476190476191,
        0.9047619047619048,
        0.9047619047619048,
        0.9166666666666666,
        0.9166666666666666,
        0.9285714285714286,
        0.9285714285714286,
        0.9523809523809523,
        0.9523809523809523,
        0.9761904761904762,
        0.9761904761904762,
        0.9880952380952381,
        0.9880952380952381,
        1.0
    ],