{
    "name": "K-Nearest-Neighbors classifier",
    "numFeatures": 4,
    "accuracy": 0.5513126491646778,
    "confusionMatrix": [
        [
            57,
            113
        ],
        [
            75,
            174
        ]
    ],
    "falsePositiveRate": [
        0.0,
        0.11764705882352941,
        0.34705882352941175,
        0.6647058823529411,
        0.8588235294117647,
        0.9823529411764705,
        1.0
    ],
    "truePositiveRate": [
        0.0,
        0.14056224899598393,
        0.43373493975903615,
        0.6987951807228916,
        0.927710843373494,
        0.9919678714859438,
        1.0
    ],
    "areaUnderCurve": 0.5480274037325773,
    "features": [
        "feat_hair",
        "feat_asymmetry",
        "feat_compactness",
        "feat_multicolor"
    ],
    "featureImportances": null
}