{
    "name": "K-Nearest-Neighbors classifier",
    "numFeatures": 4,
    "accuracy": 0.5751789976133651,
    "precision": 0.6203389830508474,
    "recall": 0.7349397590361446,
    "confusionMatrix": [
        [
            58,
            112
        ],
        [
            66,
            183
        ]
    ],
    "falsePositiveRate": [
        0.0,
        0.12352941176470589,
        0.3764705882352941,
        0.6588235294117647,
        0.8352941176470589,
        0.9647058823529412,
        1.0
    ],
    "truePositiveRate": [
        0.0,
        0.12449799196787148,
        0.46184738955823296,
        0.7349397590361446,
        0.8955823293172691,
        0.9839357429718876,
        1.0
    ],
    "areaUnderCurve": 0.5512993149066856,
    "features": [
        "feat_hair",
        "feat_asymmetry",
        "feat_compactness",
        "feat_multicolor"
    ],
    "featureImportances": null
}