{
    "name": "Logistic Regression model",
    "numFeatures": 33,
    "accuracy": 0.9247311827956989,
    "precision": 0.9309090909090909,
    "recall": 0.9922480620155039,
    "confusionMatrix": [
        [
            2,
            19
        ],
        [
            2,
            256
        ]
    ],
    "falsePositiveRate": [
        0.0,
        0.0,
        0.0,
        0.047619047619047616,
        0.047619047619047616,
        0.09523809523809523,
        0.09523809523809523,
        0.14285714285714285,
        0.14285714285714285,
        0.19047619047619047,
        0.19047619047619047,
        0.23809523809523808,
        0.23809523809523808,
        0.38095238095238093,
        0.38095238095238093,
        0.42857142857142855,
        0.42857142857142855,
        0.47619047619047616,
        0.47619047619047616,
        0.6190476190476191,
        0.6190476190476191,
        0.6666666666666666,
        0.6666666666666666,
        0.7142857142857143,
        0.7142857142857143,
        0.8571428571428571,
        0.8571428571428571,
        0.9047619047619048,
        0.9047619047619048,
        0.9523809523809523,
        0.9523809523809523,
        1.0
    ],
    "truePositiveRate": [
        0.0,
        0.003875968992248062,
        0.12790697674418605,
        0.12790697674418605,
        0.6395348837209303,
        0.6395348837209303,
        0.7015503875968992,
        0.7015503875968992,
        0.7286821705426356,
        0.7286821705426356,
        0.7829457364341085,
        0.7829457364341085,
        0.8023255813953488,
        0.8023255813953488,
        0.8178294573643411,
        0.8178294573643411,
        0.9108527131782945,
        0.9108527131782945,
        0.9534883720930233,
        0.9534883720930233,
        0.9651162790697675,
        0.9651162790697675,
        0.9728682170542635,
        0.9728682170542635,
        0.9806201550387597,
        0.9806201550387597,
        0.9922480620155039,
        0.9922480620155039,
        0.9961240310077519,
        0.9961240310077519,
        1.0,
        1.0
    ],
    "areaUnderCurve": 0.8497600590623846,
    "features": [
        "smoke",
        "drink",
        "age",
        "pesticide",
        "skin_cancer_history",
        "cancer_history",
        "has_piped_water",
        "has_sewage_system",
        "fitspatrick",
        "diameter_1",
        "diameter_2",
        "itch",
        "grew",
        "hurt",
        "changed",
        "bleed",
        "elevation",
        "feat_hair",
        "feat_asymmetry",
        "feat_border_irregularity",
        "feat_multiColorRate",
        "feat_convexity",
        "feat_maxBrightness",
        "feat_minBrightness",
        "feat_convexVariance",
        "feat_convexMax",
        "feat_convexAverage",
        "feat_contrast",
        "feat_energy",
        "feat_homogeneity",
        "feat_colorUniformity",
        "feat_averageColor",
        "feat_averageRedness"
    ],
    "featureImportances": null
}