{
    "name": "Decision Tree classifier",
    "numFeatures": 4,
    "accuracy": 0.5441527446300716,
    "confusionMatrix": [
        [
            70,
            100
        ],
        [
            91,
            158
        ]
    ],
    "falsePositiveRate": [
        0.0,
        0.5882352941176471,
        1.0
    ],
    "truePositiveRate": [
        0.0,
        0.6345381526104418,
        1.0
    ],
    "areaUnderCurve": 0.5231514292463973,
    "features": [
        "feat_hair",
        "feat_asymmetry",
        "feat_compactness",
        "feat_multicolor"
    ],
    "featureImportances": [
        0.1614092146170122,
        0.2723244776126815,
        0.2676963101503159,
        0.2985699976199903
    ]
}