{
    "name": "Decision Tree classifier",
    "numFeatures": 4,
    "accuracy": 0.5513126491646778,
    "precision": 0.6168582375478927,
    "recall": 0.6465863453815262,
    "confusionMatrix": [
        [
            70,
            100
        ],
        [
            88,
            161
        ]
    ],
    "falsePositiveRate": [
        0.0,
        0.5882352941176471,
        1.0
    ],
    "truePositiveRate": [
        0.0,
        0.6465863453815262,
        1.0
    ],
    "areaUnderCurve": 0.5291755256319395,
    "features": [
        "feat_hair",
        "feat_asymmetry",
        "feat_compactness",
        "feat_multicolor"
    ],
    "featureImportances": [
        0.16156034107288567,
        0.29213582664829624,
        0.2677673029526729,
        0.27853652932614525
    ]
}