{
    "name": "Decision Tree classifier",
    "numFeatures": 4,
    "accuracy": 0.5632458233890215,
    "precision": 0.627906976744186,
    "recall": 0.6506024096385542,
    "confusionMatrix": [
        [
            74,
            96
        ],
        [
            87,
            162
        ]
    ],
    "falsePositiveRate": [
        0.0,
        0.5647058823529412,
        1.0
    ],
    "truePositiveRate": [
        0.0,
        0.6506024096385542,
        1.0
    ],
    "areaUnderCurve": 0.5429482636428065,
    "features": [
        "feat_hair",
        "feat_asymmetry",
        "feat_compactness",
        "feat_multicolor"
    ],
    "featureImportances": [
        0.1627154491633061,
        0.28726211584112316,
        0.2620022712173937,
        0.28802016377817696
    ]
}