{
    "name": "Decision Tree classifier",
    "numFeatures": 4,
    "accuracy": 0.8238095238095238,
    "confusionMatrix": [
        [
            6,
            41
        ],
        [
            33,
            340
        ]
    ],
    "falsePositiveRate": [
        0.0,
        0.8723404255319149,
        1.0
    ],
    "truePositiveRate": [
        0.0,
        0.9115281501340483,
        1.0
    ],
    "areaUnderCurve": 0.5195938623010667,
    "features": [
        "feat_hair",
        "feat_asymmetry",
        "feat_compactness",
        "feat_multicolor"
    ],
    "featureImportances": [
        0.27902049962284114,
        0.31583734606188546,
        0.18313580956915193,
        0.2220063447461215
    ]
}