{
    "name": "Decision Tree classifier",
    "numFeatures": 4,
    "accuracy": 0.5871121718377088,
    "precision": 0.65234375,
    "recall": 0.6653386454183267,
    "confusionMatrix": [
        [
            79,
            89
        ],
        [
            84,
            167
        ]
    ],
    "falsePositiveRate": [
        0.0,
        0.5297619047619048,
        1.0
    ],
    "truePositiveRate": [
        0.0,
        0.6653386454183267,
        1.0
    ],
    "areaUnderCurve": 0.567788370328211,
    "features": [
        "feat_asymmetry",
        "feat_border_irregularity",
        "feat_colorUniformity",
        "feat_homogeneity"
    ],
    "featureImportances": [
        0.2548359367048339,
        0.212693354644936,
        0.28272932279903024,
        0.2497413858511999
    ]
}