{
    "name": "Decision Tree classifier",
    "numFeatures": 4,
    "accuracy": 0.6030534351145038,
    "precision": 0.7236842105263158,
    "recall": 0.6395348837209303,
    "confusionMatrix": [
        [
            24,
            21
        ],
        [
            31,
            55
        ]
    ],
    "falsePositiveRate": [
        0.0,
        0.4666666666666667,
        1.0
    ],
    "truePositiveRate": [
        0.0,
        0.6395348837209303,
        1.0
    ],
    "areaUnderCurve": 0.5864341085271318,
    "features": [
        "feat_asymmetry",
        "feat_border_irregularity",
        "feat_colorUniformity",
        "feat_homogeneity"
    ],
    "featureImportances": [
        0.18175058408496644,
        0.2661208302666361,
        0.24438012648066487,
        0.3077484591677326
    ]
}