{
    "name": "K-Nearest-Neighbors classifier",
    "numFeatures": 16,
    "accuracy": 0.6030534351145038,
    "precision": 0.7023809523809523,
    "recall": 0.686046511627907,
    "confusionMatrix": [
        [
            20,
            25
        ],
        [
            27,
            59
        ]
    ],
    "falsePositiveRate": [
        0.0,
        0.022222222222222223,
        0.2222222222222222,
        0.5555555555555556,
        0.8222222222222222,
        0.9777777777777777,
        1.0
    ],
    "truePositiveRate": [
        0.0,
        0.18604651162790697,
        0.4418604651162791,
        0.686046511627907,
        0.8837209302325582,
        0.9883720930232558,
        1.0
    ],
    "areaUnderCurve": 0.6298449612403101,
    "features": [
        "feat_hair",
        "feat_asymmetry",
        "feat_border_irregularity",
        "feat_multiColorRate",
        "feat_convexity",
        "feat_maxBrightness",
        "feat_minBrightness",
        "feat_convexVariance",
        "feat_convexMax",
        "feat_convexAverage",
        "feat_contrast",
        "feat_energy",
        "feat_homogeneity",
        "feat_colorUniformity",
        "feat_averageColor",
        "feat_averageRedness"
    ],
    "featureImportances": null
}