{
    "name": "K-Nearest-Neighbors classifier",
    "numFeatures": 16,
    "accuracy": 0.5775656324582339,
    "precision": 0.6258503401360545,
    "recall": 0.7330677290836654,
    "confusionMatrix": [
        [
            58,
            110
        ],
        [
            67,
            184
        ]
    ],
    "falsePositiveRate": [
        0.0,
        0.10714285714285714,
        0.375,
        0.6547619047619048,
        0.8630952380952381,
        0.9880952380952381,
        1.0
    ],
    "truePositiveRate": [
        0.0,
        0.10358565737051793,
        0.4302788844621514,
        0.7330677290836654,
        0.9043824701195219,
        0.9920318725099602,
        1.0
    ],
    "areaUnderCurve": 0.5407299373932839,
    "features": [
        "feat_hair",
        "feat_asymmetry",
        "feat_border_irregularity",
        "feat_multiColorRate",
        "feat_convexity",
        "feat_maxBrightness",
        "feat_minBrightness",
        "feat_convexVariance",
        "feat_convexMax",
        "feat_convexAverage",
        "feat_contrast",
        "feat_energy",
        "feat_homogeneity",
        "feat_colorUniformity",
        "feat_averageColor",
        "feat_averageRedness"
    ],
    "featureImportances": null
}