{
    "name": "Logistic Regression model",
    "numFeatures": 16,
    "accuracy": 0.6564885496183206,
    "precision": 0.7469879518072289,
    "recall": 0.7209302325581395,
    "confusionMatrix": [
        [
            24,
            21
        ],
        [
            24,
            62
        ]
    ],
    "falsePositiveRate": [
        0.0,
        0.022222222222222223,
        0.022222222222222223,
        0.06666666666666667,
        0.06666666666666667,
        0.08888888888888889,
        0.08888888888888889,
        0.1111111111111111,
        0.1111111111111111,
        0.13333333333333333,
        0.13333333333333333,
        0.15555555555555556,
        0.15555555555555556,
        0.17777777777777778,
        0.17777777777777778,
        0.2,
        0.2,
        0.2222222222222222,
        0.2222222222222222,
        0.3111111111111111,
        0.3111111111111111,
        0.3333333333333333,
        0.3333333333333333,
        0.37777777777777777,
        0.37777777777777777,
        0.4666666666666667,
        0.4666666666666667,
        0.4888888888888889,
        0.4888888888888889,
        0.5111111111111111,
        0.5111111111111111,
        0.5333333333333333,
        0.5333333333333333,
        0.6444444444444445,
        0.6444444444444445,
        0.7111111111111111,
        0.7111111111111111,
        0.7333333333333333,
        0.7333333333333333,
        0.7555555555555555,
        0.7555555555555555,
        0.7777777777777778,
        0.7777777777777778,
        0.8222222222222222,
        0.8222222222222222,
        0.8444444444444444,
        0.8444444444444444,
        0.8888888888888888,
        0.8888888888888888,
        1.0
    ],
    "truePositiveRate": [
        0.0,
        0.0,
        0.2558139534883721,
        0.2558139534883721,
        0.313953488372093,
        0.313953488372093,
        0.3372093023255814,
        0.3372093023255814,
        0.3488372093023256,
        0.3488372093023256,
        0.38372093023255816,
        0.38372093023255816,
        0.43023255813953487,
        0.43023255813953487,
        0.4418604651162791,
        0.4418604651162791,
        0.5,
        0.5,
        0.5930232558139535,
        0.5930232558139535,
        0.686046511627907,
        0.686046511627907,
        0.6976744186046512,
        0.6976744186046512,
        0.7093023255813954,
        0.7093023255813954,
        0.7674418604651163,
        0.7674418604651163,
        0.813953488372093,
        0.813953488372093,
        0.8488372093023255,
        0.8488372093023255,
        0.8604651162790697,
        0.8604651162790697,
        0.872093023255814,
        0.872093023255814,
        0.8837209302325582,
        0.8837209302325582,
        0.9069767441860465,
        0.9069767441860465,
        0.9302325581395349,
        0.9302325581395349,
        0.9418604651162791,
        0.9418604651162791,
        0.9651162790697675,
        0.9651162790697675,
        0.9767441860465116,
        0.9767441860465116,
        1.0,
        1.0
    ],
    "areaUnderCurve": 0.720671834625323,
    "features": [
        "feat_hair",
        "feat_asymmetry",
        "feat_border_irregularity",
        "feat_multiColorRate",
        "feat_convexity",
        "feat_maxBrightness",
        "feat_minBrightness",
        "feat_convexVariance",
        "feat_convexMax",
        "feat_convexAverage",
        "feat_contrast",
        "feat_energy",
        "feat_homogeneity",
        "feat_colorUniformity",
        "feat_averageColor",
        "feat_averageRedness"
    ],
    "featureImportances": null
}