{
    "name": "Logistic Regression model",
    "numFeatures": 16,
    "accuracy": 0.6968973747016707,
    "precision": 0.7198581560283688,
    "recall": 0.8087649402390438,
    "confusionMatrix": [
        [
            89,
            79
        ],
        [
            48,
            203
        ]
    ],
    "falsePositiveRate": [
        0.0,
        0.0,
        0.0,
        0.005952380952380952,
        0.005952380952380952,
        0.011904761904761904,
        0.011904761904761904,
        0.017857142857142856,
        0.017857142857142856,
        0.023809523809523808,
        0.023809523809523808,
        0.02976190476190476,
        0.02976190476190476,
        0.041666666666666664,
        0.041666666666666664,
        0.047619047619047616,
        0.047619047619047616,
        0.05357142857142857,
        0.05357142857142857,
        0.07142857142857142,
        0.07142857142857142,
        0.07738095238095238,
        0.07738095238095238,
        0.08333333333333333,
        0.08333333333333333,
        0.08928571428571429,
        0.08928571428571429,
        0.09523809523809523,
        0.09523809523809523,
        0.10119047619047619,
        0.10119047619047619,
        0.10714285714285714,
        0.10714285714285714,
        0.11904761904761904,
        0.11904761904761904,
        0.125,
        0.125,
        0.14285714285714285,
        0.14285714285714285,
        0.1488095238095238,
        0.1488095238095238,
        0.16071428571428573,
        0.16071428571428573,
        0.17261904761904762,
        0.17261904761904762,
        0.18452380952380953,
        0.18452380952380953,
        0.19047619047619047,
        0.19047619047619047,
        0.19642857142857142,
        0.19642857142857142,
        0.20238095238095238,
        0.20238095238095238,
        0.20833333333333334,
        0.20833333333333334,
        0.21428571428571427,
        0.21428571428571427,
        0.22023809523809523,
        0.22023809523809523,
        0.2261904761904762,
        0.2261904761904762,
        0.23214285714285715,
        0.23214285714285715,
        0.23809523809523808,
        0.23809523809523808,
        0.24404761904761904,
        0.24404761904761904,
        0.26785714285714285,
        0.26785714285714285,
        0.27380952380952384,
        0.27380952380952384,
        0.27976190476190477,
        0.27976190476190477,
        0.2857142857142857,
        0.2857142857142857,
        0.2916666666666667,
        0.2916666666666667,
        0.2976190476190476,
        0.2976190476190476,
        0.30357142857142855,
        0.30357142857142855,
        0.30952380952380953,
        0.30952380952380953,
        0.31547619047619047,
        0.31547619047619047,
        0.3273809523809524,
        0.3273809523809524,
        0.3392857142857143,
        0.3392857142857143,
        0.35119047619047616,
        0.35119047619047616,
        0.39285714285714285,
        0.39285714285714285,
        0.39880952380952384,
        0.39880952380952384,
        0.40476190476190477,
        0.40476190476190477,
        0.4166666666666667,
        0.4166666666666667,
        0.4226190476190476,
        0.4226190476190476,
        0.44047619047619047,
        0.44047619047619047,
        0.44642857142857145,
        0.44642857142857145,
        0.4583333333333333,
        0.4583333333333333,
        0.47023809523809523,
        0.47023809523809523,
        0.47619047619047616,
        0.47619047619047616,
        0.48214285714285715,
        0.48214285714285715,
        0.49404761904761907,
        0.49404761904761907,
        0.5,
        0.5,
        0.5059523809523809,
        0.5059523809523809,
        0.5178571428571429,
        0.5178571428571429,
        0.5416666666666666,
        0.5416666666666666,
        0.5535714285714286,
        0.5535714285714286,
        0.5595238095238095,
        0.5595238095238095,
        0.5654761904761905,
        0.5654761904761905,
        0.5892857142857143,
        0.5892857142857143,
        0.6190476190476191,
        0.6190476190476191,
        0.625,
        0.625,
        0.6309523809523809,
        0.6309523809523809,
        0.6428571428571429,
        0.6428571428571429,
        0.6547619047619048,
        0.6547619047619048,
        0.7023809523809523,
        0.7023809523809523,
        0.7261904761904762,
        0.7261904761904762,
        0.7321428571428571,
        0.7321428571428571,
        0.7440476190476191,
        0.7440476190476191,
        0.75,
        0.75,
        0.7559523809523809,
        0.7559523809523809,
        0.7619047619047619,
        0.7619047619047619,
        0.7678571428571429,
        0.7678571428571429,
        0.7916666666666666,
        0.7916666666666666,
        0.8392857142857143,
        0.8392857142857143,
        0.8511904761904762,
        0.8511904761904762,
        0.8571428571428571,
        0.8571428571428571,
        0.8630952380952381,
        0.8630952380952381,
        0.8869047619047619,
        0.8869047619047619,
        0.9107142857142857,
        0.9107142857142857,
        0.9226190476190477,
        0.9226190476190477,
        0.9702380952380952,
        0.9702380952380952,
        0.9761904761904762,
        0.9761904761904762,
        1.0,
        1.0
    ],