{
    "name": "K-Nearest-Neighbors classifier",
    "numFeatures": 2,
    "accuracy": 0.888095238095238,
    "confusionMatrix": [
        [
            1,
            46
        ],
        [
            1,
            372
        ]
    ],
    "falsePositiveRate": [
        0.0,
        0.9787234042553191,
        1.0
    ],
    "truePositiveRate": [
        0.0,
        0.9973190348525469,
        1.0
    ],
    "areaUnderCurve": 0.5092978152986138,
    "features": [
        "feat_compactness",
        "feat_multicolor"
    ],
    "featureImportances": null
}