{
    "name": "K-Nearest-Neighbors classifier",
    "numFeatures": 2,
    "accuracy": 0.5799522673031027,
    "confusionMatrix": [
        [
            62,
            108
        ],
        [
            68,
            181
        ]
    ],
    "falsePositiveRate": [
        0.0,
        0.07058823529411765,
        0.31176470588235294,
        0.6352941176470588,
        0.8529411764705882,
        0.9823529411764705,
        1.0
    ],
    "truePositiveRate": [
        0.0,
        0.13654618473895583,
        0.41767068273092367,
        0.7269076305220884,
        0.9196787148594378,
        1.0,
        1.0
    ],
    "areaUnderCurve": 0.5778525868178597,
    "features": [
        "feat_compactness",
        "feat_multicolor"
    ],
    "featureImportances": null
}