{
    "name": "K-Nearest-Neighbors classifier",
    "numFeatures": 2,
    "accuracy": 0.5847255369928401,
    "precision": 0.6237623762376238,
    "recall": 0.7590361445783133,
    "confusionMatrix": [
        [
            56,
            114
        ],
        [
            60,
            189
        ]
    ],
    "falsePositiveRate": [
        0.0,
        0.10588235294117647,
        0.3411764705882353,
        0.6705882352941176,
        0.8823529411764706,
        0.9764705882352941,
        1.0
    ],
    "truePositiveRate": [
        0.0,
        0.14859437751004015,
        0.4538152610441767,
        0.7590361445783133,
        0.9357429718875502,
        0.9839357429718876,
        1.0
    ],
    "areaUnderCurve": 0.5716276872194661,
    "features": [
        "feat_compactness",
        "feat_multicolor"
    ],
    "featureImportances": null
}