{
    "name": "Decision Tree classifier",
    "numFeatures": 3,
    "accuracy": 0.5801526717557252,
    "precision": 0.6741573033707865,
    "recall": 0.6976744186046512,
    "confusionMatrix": [
        [
            16,
            29
        ],
        [
            26,
            60
        ]
    ],
    "falsePositiveRate": [
        0.0,
        0.6444444444444445,
        1.0
    ],
    "truePositiveRate": [
        0.0,
        0.6976744186046512,
        1.0
    ],
    "areaUnderCurve": 0.5266149870801033,
    "features": [
        "feat_asymmetry",
        "feat_border_irregularity",
        "feat_multiColorRate"
    ],
    "featureImportances": [
        0.3344593591303978,
        0.31965191391155906,
        0.3458887269580431
    ]
}