{
    "name": "Decision Tree classifier",
    "numFeatures": 2,
    "accuracy": 0.5465393794749404,
    "confusionMatrix": [
        [
            63,
            107
        ],
        [
            83,
            166
        ]
    ],
    "falsePositiveRate": [
        0.0,
        0.6294117647058823,
        1.0
    ],
    "truePositiveRate": [
        0.0,
        0.6666666666666666,
        1.0
    ],
    "areaUnderCurve": 0.5186274509803921,
    "features": [
        "feat_compactness",
        "feat_multicolor"
    ],
    "featureImportances": [
        0.44144145540099405,
        0.558558544599006
    ]
}