{
    "name": "Decision Tree classifier",
    "numFeatures": 2,
    "accuracy": 0.5513126491646778,
    "precision": 0.6125461254612546,
    "recall": 0.6666666666666666,
    "confusionMatrix": [
        [
            65,
            105
        ],
        [
            83,
            166
        ]
    ],
    "falsePositiveRate": [
        0.0,
        0.6176470588235294,
        1.0
    ],
    "truePositiveRate": [
        0.0,
        0.6666666666666666,
        1.0
    ],
    "areaUnderCurve": 0.5245098039215685,
    "features": [
        "feat_compactness",
        "feat_multicolor"
    ],
    "featureImportances": [
        0.433848719370892,
        0.566151280629108
    ]
}