{
    "name": "Decision Tree classifier",
    "numFeatures": 2,
    "accuracy": 0.8333333333333334,
    "confusionMatrix": [
        [
            6,
            41
        ],
        [
            29,
            344
        ]
    ],
    "falsePositiveRate": [
        0.0,
        0.8723404255319149,
        1.0
    ],
    "truePositiveRate": [
        0.0,
        0.9222520107238605,
        1.0
    ],
    "areaUnderCurve": 0.5249557925959728,
    "features": [
        "feat_compactness",
        "feat_multicolor"
    ],
    "featureImportances": [
        0.4121981216540649,
        0.5878018783459352
    ]
}