{
    "name": "Decision Tree classifier",
    "numFeatures": 2,
    "accuracy": 0.5513126491646778,
    "precision": 0.6133828996282528,
    "recall": 0.6626506024096386,
    "confusionMatrix": [
        [
            66,
            104
        ],
        [
            84,
            165
        ]
    ],
    "falsePositiveRate": [
        0.0,
        0.611764705882353,
        1.0
    ],
    "truePositiveRate": [
        0.0,
        0.6626506024096386,
        1.0
    ],
    "areaUnderCurve": 0.5254429482636428,
    "features": [
        "feat_compactness",
        "feat_multicolor"
    ],
    "featureImportances": [
        0.44553900495530746,
        0.5544609950446925
    ]
}