{
    "name": "Logistic Regression model",
    "numFeatures": 4,
    "accuracy": 0.6205250596658711,
    "confusionMatrix": [
        [
            39,
            131
        ],
        [
            28,
            221
        ]
    ],
    "falsePositiveRate": [
        0.0,
        0.0,
        0.0,
        0.01764705882352941,
        0.01764705882352941,
        0.03529411764705882,
        0.03529411764705882,
        0.041176470588235294,
        0.041176470588235294,
        0.047058823529411764,
        0.047058823529411764,
        0.052941176470588235,
        0.052941176470588235,
        0.06470588235294118,
        0.06470588235294118,
        0.07058823529411765,
        0.07058823529411765,
        0.07647058823529412,
        0.07647058823529412,
        0.08235294117647059,
        0.08235294117647059,
        0.08823529411764706,
        0.08823529411764706,
        0.09411764705882353,
        0.09411764705882353,
        0.1,
        0.1,
        0.10588235294117647,
        0.10588235294117647,
        0.11764705882352941,
        0.11764705882352941,
        0.12941176470588237,
        0.12941176470588237,
        0.13529411764705881,
        0.13529411764705881,
        0.14705882352941177,
        0.14705882352941177,
        0.16470588235294117,
        0.16470588235294117,
        0.17058823529411765,
        0.17058823529411765,
        0.17647058823529413,
        0.17647058823529413,
        0.18235294117647058,
        0.18235294117647058,
        0.18823529411764706,
        0.18823529411764706,
        0.19411764705882353,
        0.19411764705882353,
        0.2,
        0.2,
        0.2235294117647059,
        0.2235294117647059,
        0.23529411764705882,
        0.23529411764705882,
        0.2411764705882353,
        0.2411764705882353,
        0.24705882352941178,
        0.24705882352941178,
        0.2529411764705882,
        0.2529411764705882,
        0.25882352941176473,
        0.25882352941176473,
        0.2647058823529412,
        0.2647058823529412,
        0.27058823529411763,
        0.27058823529411763,
        0.27647058823529413,
        0.27647058823529413,
        0.2823529411764706,
        0.2823529411764706,
        0.28823529411764703,
        0.28823529411764703,
        0.3058823529411765,
        0.3058823529411765,
        0.31176470588235294,
        0.31176470588235294,
        0.3176470588235294,
        0.3176470588235294,
        0.3235294117647059,
        0.3235294117647059,
        0.32941176470588235,
        0.32941176470588235,
        0.3352941176470588,
        0.3352941176470588,
        0.3411764705882353,
        0.3411764705882353,
        0.34705882352941175,
        0.34705882352941175,
        0.3588235294117647,
        0.3588235294117647,
        0.3764705882352941,
        0.3764705882352941,
        0.38235294117647056,
        0.38235294117647056,
        0.38823529411764707,
        0.38823529411764707,
        0.3941176470588235,
        0.3941176470588235,
        0.4176470588235294,
        0.4176470588235294,
        0.43529411764705883,
        0.43529411764705883,
        0.4470588235294118,
        0.4470588235294118,
        0.45294117647058824,
        0.45294117647058824,
        0.4588235294117647,
        0.4588235294117647,
        0.4647058823529412,
        0.4647058823529412,
        0.47058823529411764,
        0.47058823529411764,
        0.4764705882352941,
        0.4764705882352941,
        0.49411764705882355,
        0.49411764705882355,
        0.5,
        0.5,
        0.5058823529411764,
        0.5058823529411764,
        0.5117647058823529,
        0.5117647058823529,
        0.5176470588235295,
        0.5176470588235295,
        0.5235294117647059,
        0.5235294117647059,
        0.5294117647058824,
        0.5294117647058824,
        0.5352941176470588,
        0.5352941176470588,
        0.5411764705882353,
        0.5411764705882353,
        0.5470588235294118,
        0.5470588235294118,
        0.5588235294117647,
        0.5588235294117647,
        0.5705882352941176,
        0.5705882352941176,
        0.611764705882353,
        0.611764705882353,
        0.6176470588235294,
        0.6176470588235294,
        0.6588235294117647,
        0.6588235294117647,
        0.6705882352941176,
        0.6705882352941176,
        0.6764705882352942,
        0.6764705882352942,
        0.6823529411764706,
        0.6823529411764706,
        0.6882352941176471,
        0.6882352941176471,
        0.6941176470588235,
        0.6941176470588235,
        0.7058823529411765,
        0.7058823529411765,
        0.7352941176470589,
        0.7352941176470589,
        0.7411764705882353,
        0.7411764705882353,
        0.7470588235294118,
        0.7470588235294118,
        0.7529411764705882,
        0.7529411764705882,
        0.7588235294117647,
        0.7588235294117647,
        0.7705882352941177,
        0.7705882352941177,
        0.7764705882352941,
        0.7764705882352941,
        0.7941176470588235,
        0.7941176470588235,
        0.8,
        0.8,
        0.8058823529411765,
        0.8058823529411765,
        0.8235294117647058,
        0.8235294117647058,
        0.8294117647058824,
        0.8294117647058824,
        0.8411764705882353,
        0.8411764705882353,
        0.8529411764705882,
        0.8529411764705882,
        0.8588235294117647,
        0.8588235294117647,
        0.8705882352941177,
        0.8705882352941177,
        0.9117647058823529,
        0.9117647058823529,
        0.9176470588235294,
        0.9176470588235294,
        0.9294117647058824,
        0.9294117647058824,
        0.9411764705882353,
        0.9411764705882353,
        0.9705882352941176,
        0.9705882352941176,
        0.9882352941176471,
        0.9882352941176471,
        1.0
    ],