{
    "name": "Logistic Regression model",
    "numFeatures": 4,
    "accuracy": 0.6793893129770993,
    "precision": 0.7291666666666666,
    "recall": 0.813953488372093,
    "confusionMatrix": [
        [
            19,
            26
        ],
        [
            16,
            70
        ]
    ],
    "falsePositiveRate": [
        0.0,
        0.022222222222222223,
        0.022222222222222223,
        0.044444444444444446,
        0.044444444444444446,
        0.06666666666666667,
        0.06666666666666667,
        0.08888888888888889,
        0.08888888888888889,
        0.1111111111111111,
        0.1111111111111111,
        0.13333333333333333,
        0.13333333333333333,
        0.15555555555555556,
        0.15555555555555556,
        0.2222222222222222,
        0.2222222222222222,
        0.24444444444444444,
        0.24444444444444444,
        0.26666666666666666,
        0.26666666666666666,
        0.28888888888888886,
        0.28888888888888886,
        0.3111111111111111,
        0.3111111111111111,
        0.3333333333333333,
        0.3333333333333333,
        0.35555555555555557,
        0.35555555555555557,
        0.4,
        0.4,
        0.4222222222222222,
        0.4222222222222222,
        0.4666666666666667,
        0.4666666666666667,
        0.4888888888888889,
        0.4888888888888889,
        0.5111111111111111,
        0.5111111111111111,
        0.5333333333333333,
        0.5333333333333333,
        0.5555555555555556,
        0.5555555555555556,
        0.5777777777777777,
        0.5777777777777777,
        0.6222222222222222,
        0.6222222222222222,
        0.7111111111111111,
        0.7111111111111111,
        0.7777777777777778,
        0.7777777777777778,
        0.8,
        0.8,
        0.8222222222222222,
        0.8222222222222222,
        0.8444444444444444,
        0.8444444444444444,
        0.8666666666666667,
        0.8666666666666667,
        0.8888888888888888,
        0.8888888888888888,
        1.0,
        1.0
    ],
    "truePositiveRate": [
        0.0,
        0.0,
        0.06976744186046512,
        0.06976744186046512,
        0.12790697674418605,
        0.12790697674418605,
        0.18604651162790697,
        0.18604651162790697,
        0.29069767441860467,
        0.29069767441860467,
        0.3023255813953488,
        0.3023255813953488,
        0.3488372093023256,
        0.3488372093023256,
        0.3953488372093023,
        0.3953488372093023,
        0.4186046511627907,
        0.4186046511627907,
        0.43023255813953487,
        0.43023255813953487,
        0.45348837209302323,
        0.45348837209302323,
        0.4883720930232558,
        0.4883720930232558,
        0.5,
        0.5,
        0.5116279069767442,
        0.5116279069767442,
        0.5581395348837209,
        0.5581395348837209,
        0.5697674418604651,
        0.5697674418604651,
        0.5813953488372093,
        0.5813953488372093,
        0.5930232558139535,
        0.5930232558139535,
        0.6744186046511628,
        0.6744186046511628,
        0.7325581395348837,
        0.7325581395348837,
        0.7441860465116279,
        0.7441860465116279,
        0.8023255813953488,
        0.8023255813953488,
        0.813953488372093,
        0.813953488372093,
        0.8372093023255814,
        0.8372093023255814,
        0.8488372093023255,
        0.8488372093023255,
        0.8604651162790697,
        0.8604651162790697,
        0.872093023255814,
        0.872093023255814,
        0.8837209302325582,
        0.8837209302325582,
        0.9069767441860465,
        0.9069767441860465,
        0.9418604651162791,
        0.9418604651162791,
        0.9534883720930233,
        0.9534883720930233,
        1.0
    ],
    "areaUnderCurve": 0.6325581395348836,
    "features": [
        "feat_asymmetry",
        "feat_border_irregularity",
        "feat_colorUniformity",
        "feat_homogeneity"
    ],
    "featureImportances": null
}