{
    "accuracy": 0.8214285714285714,
    "confusionMatrix": [
        [
            7,
            40
        ],
        [
            35,
            338
        ]
    ],
    "falsePositiveRate": [
        0.0,
        0.851063829787234,
        1.0
    ],
    "truePositiveRate": [
        0.0,
        0.9061662198391421,
        1.0
    ],
    "areaUnderCurve": 0.527551195025954,
    "features": [
        "feat_hair",
        "feat_asymmetry",
        "feat_compactness",
        "feat_multicolor"
    ],
    "featureImportances": [
        0.23591366584988896,
        0.3096780378384325,
        0.23375902681243496,
        0.2206492694992436
    ]
}