{
    "name": "Decision Tree classifier",
    "numFeatures": 4,
    "accuracy": 0.5775656324582339,
    "precision": 0.6468253968253969,
    "recall": 0.649402390438247,
    "confusionMatrix": [
        [
            79,
            89
        ],
        [
            88,
            163
        ]
    ],
    "falsePositiveRate": [
        0.0,
        0.5297619047619048,
        1.0
    ],
    "truePositiveRate": [
        0.0,
        0.649402390438247,
        1.0
    ],
    "areaUnderCurve": 0.5598202428381711,
    "features": [
        "feat_asymmetry",
        "feat_border_irregularity",
        "feat_colorUniformity",
        "feat_homogeneity"
    ],
    "featureImportances": [
        0.24723113352834392,
        0.21908622517681556,
        0.2748319531047686,
        0.25885068819007184
    ]
}