{
    "name": "Decision Tree classifier",
    "numFeatures": 33,
    "accuracy": 0.8673835125448028,
    "precision": 0.9333333333333333,
    "recall": 0.9224806201550387,
    "confusionMatrix": [
        [
            4,
            17
        ],
        [
            20,
            238
        ]
    ],
    "falsePositiveRate": [
        0.0,
        0.8095238095238095,
        1.0
    ],
    "truePositiveRate": [
        0.0,
        0.9224806201550387,
        1.0
    ],
    "areaUnderCurve": 0.5564784053156145,
    "features": [
        "smoke",
        "drink",
        "age",
        "pesticide",
        "skin_cancer_history",
        "cancer_history",
        "has_piped_water",
        "has_sewage_system",
        "fitspatrick",
        "diameter_1",
        "diameter_2",
        "itch",
        "grew",
        "hurt",
        "changed",
        "bleed",
        "elevation",
        "feat_hair",
        "feat_asymmetry",
        "feat_border_irregularity",
        "feat_multiColorRate",
        "feat_convexity",
        "feat_maxBrightness",
        "feat_minBrightness",
        "feat_convexVariance",
        "feat_convexMax",
        "feat_convexAverage",
        "feat_contrast",
        "feat_energy",
        "feat_homogeneity",
        "feat_colorUniformity",
        "feat_averageColor",
        "feat_averageRedness"
    ],
    "featureImportances": [
        0.0,
        0.003563639238309126,
        0.03788425161177668,
        0.0,
        0.018611632270168856,
        0.0,
        0.025765370517983763,
        0.005982310372554276,
        0.0057040633784819945,
        0.02833143343199214,
        0.005197035522616911,
        0.0,
        0.0,
        0.0,
        0.0,
        0.009023713197398626,
        0.030961584024366967,
        0.041554757160477164,
        0.06102598080561467,
        0.08329259131384693,
        0.007658398913815981,
        0.12423736364151418,
        0.041005628517823654,
        0.1139656233159713,
        0.01979600886917961,
        0.007976413830072368,
        0.01617668494732286,
        0.06808784043071701,
        0.08307191027152362,
        0.025923344947735197,
        0.019802407062091427,
        0.03380976042300725,
        0.08159025198363737
    ]
}