{
    "name": "Decision Tree classifier",
    "numFeatures": 33,
    "accuracy": 0.8745519713261649,
    "precision": 0.9372549019607843,
    "recall": 0.9263565891472868,
    "confusionMatrix": [
        [
            5,
            16
        ],
        [
            19,
            239
        ]
    ],
    "falsePositiveRate": [
        0.0,
        0.7619047619047619,
        1.0
    ],
    "truePositiveRate": [
        0.0,
        0.9263565891472868,
        1.0
    ],
    "areaUnderCurve": 0.5822259136212624,
    "features": [
        "smoke",
        "drink",
        "age",
        "pesticide",
        "skin_cancer_history",
        "cancer_history",
        "has_piped_water",
        "has_sewage_system",
        "fitspatrick",
        "diameter_1",
        "diameter_2",
        "itch",
        "grew",
        "hurt",
        "changed",
        "bleed",
        "elevation",
        "feat_hair",
        "feat_asymmetry",
        "feat_border_irregularity",
        "feat_multiColorRate",
        "feat_convexity",
        "feat_maxBrightness",
        "feat_minBrightness",
        "feat_convexVariance",
        "feat_convexMax",
        "feat_convexAverage",
        "feat_contrast",
        "feat_energy",
        "feat_homogeneity",
        "feat_colorUniformity",
        "feat_averageColor",
        "feat_averageRedness"
    ],
    "featureImportances": [
        0.0,
        0.013135335834395964,
        0.048231697174033146,
        0.0,
        0.018611632270168852,
        0.0,
        0.02576537051798376,
        0.007976413830072367,
        0.005213831767384268,
        0.037128415503005816,
        0.0283162690967569,
        0.0,
        0.007976413830072367,
        0.0,
        0.0,
        0.009023713197398614,
        0.030961584024366974,
        0.015346540290239383,
        0.05145428420952783,
        0.07531617748377456,
        0.0016760885412617048,
        0.12423736364151414,
        0.03901152506030556,
        0.10146696439216221,
        0.014357544894130261,
        0.007976413830072367,
        0.01617668494732286,
        0.06579336963421889,
        0.09002959733525522,
        0.02292045974111971,
        0.02723497449465886,
        0.017951112926158773,
        0.09671022153263853
    ]
}