{
    "name": "K-Nearest-Neighbors classifier",
    "numFeatures": 3,
    "accuracy": 0.6259541984732825,
    "precision": 0.7078651685393258,
    "recall": 0.7325581395348837,
    "confusionMatrix": [
        [
            19,
            26
        ],
        [
            23,
            63
        ]
    ],
    "falsePositiveRate": [
        0.0,
        0.08888888888888889,
        0.3111111111111111,
        0.5777777777777777,
        0.8,
        0.8888888888888888,
        1.0
    ],
    "truePositiveRate": [
        0.0,
        0.10465116279069768,
        0.4069767441860465,
        0.7325581395348837,
        0.9069767441860465,
        0.9767441860465116,
        1.0
    ],
    "areaUnderCurve": 0.5891472868217054,
    "features": [
        "feat_asymmetry",
        "feat_border_irregularity",
        "feat_multiColorRate"
    ],
    "featureImportances": null
}