{
    "name": "K-Nearest-Neighbors classifier",
    "numFeatures": 3,
    "accuracy": 0.6252983293556086,
    "precision": 0.6690647482014388,
    "recall": 0.7410358565737052,
    "confusionMatrix": [
        [
            76,
            92
        ],
        [
            65,
            186
        ]
    ],
    "falsePositiveRate": [
        0.0,
        0.07142857142857142,
        0.26785714285714285,
        0.5476190476190477,
        0.7916666666666666,
        0.9702380952380952,
        1.0
    ],
    "truePositiveRate": [
        0.0,
        0.11553784860557768,
        0.42231075697211157,
        0.7410358565737052,
        0.9243027888446215,
        0.9920318725099602,
        1.0
    ],
    "areaUnderCurve": 0.6236364067539367,
    "features": [
        "feat_asymmetry",
        "feat_border_irregularity",
        "feat_multiColorRate"
    ],
    "featureImportances": null
}