{
    "name": "K-Nearest-Neighbors classifier",
    "numFeatures": 4,
    "accuracy": 0.648854961832061,
    "precision": 0.7325581395348837,
    "recall": 0.7325581395348837,
    "confusionMatrix": [
        [
            22,
            23
        ],
        [
            23,
            63
        ]
    ],
    "falsePositiveRate": [
        0.0,
        0.06666666666666667,
        0.2,
        0.5111111111111111,
        0.9111111111111111,
        1.0,
        1.0
    ],
    "truePositiveRate": [
        0.0,
        0.16279069767441862,
        0.43023255813953487,
        0.7325581395348837,
        0.9302325581395349,
        0.9651162790697675,
        1.0
    ],
    "areaUnderCurve": 0.6426356589147286,
    "features": [
        "feat_asymmetry",
        "feat_border_irregularity",
        "feat_colorUniformity",
        "feat_homogeneity"
    ],
    "featureImportances": null
}