{
    "name": "K-Nearest-Neighbors classifier",
    "numFeatures": 4,
    "accuracy": 0.6205250596658711,
    "precision": 0.6619718309859155,
    "recall": 0.749003984063745,
    "confusionMatrix": [
        [
            72,
            96
        ],
        [
            63,
            188
        ]
    ],
    "falsePositiveRate": [
        0.0,
        0.07738095238095238,
        0.30357142857142855,
        0.5714285714285714,
        0.7976190476190477,
        0.9464285714285714,
        1.0
    ],
    "truePositiveRate": [
        0.0,
        0.1553784860557769,
        0.4900398406374502,
        0.749003984063745,
        0.9362549800796812,
        0.9880478087649402,
        1.0
    ],
    "areaUnderCurve": 0.6319721115537849,
    "features": [
        "feat_asymmetry",
        "feat_border_irregularity",
        "feat_colorUniformity",
        "feat_homogeneity"
    ],
    "featureImportances": null
}