img_id,BIOPSED,feat_hair,feat_asymmetry,feat_border_irregularity,feat_multiColorRate,feat_convexity,feat_convexVariance,feat_convexMax,feat_convexAverage,feat_contrast,feat_energy,feat_homogeneity,feat_colorUniformity,feat_averageColor,feat_averageRedness,feat_maxBrightness,feat_minBrightness,random1,random2,random3,random4,random5,random6,random7,random8,random9,random10
ISIC_0024310,1,0.0929259259259259,0.23144,0.867,,0.6344388745327905,196587964.38461536,1,2762.230769230769,73.57066963457615,0.7574882824234654,0.8208326676574614,32.69965211464399,125.30380032404274,217.83823529411765,232,45,0.7697446794330964,0.05278046500419187,0.3226863652308253,0.4020752614256289,0.43949913526363116,0.4412421938418586,0.40486910167541534,0.2506646100546571,0.8863055002549637,0.23209596727484993
ISIC_0024313,1,0.0979629629629629,0.3459,0.808,,0.6863634812272915,16685257.159999996,2,828.92,43.24276757558894,0.890524550248113,0.9196294017283124,53.588021353705805,138.2415911516886,219.48648648648648,219,30,0.6047375617052839,0.9725083264285985,0.2633350579175713,0.2762384526780449,0.44224139095594506,0.8933099637427617,0.9246034740016507,0.1225033952191179,0.09072287476984242,0.7431265809898231
ISIC_0024315,1,0.1401481481481481,0.20788,0.796,,0.6817156287600408,20053977.13636364,3,965.2272727272727,30.19151919866444,0.9147423447778664,0.9363164202293424,29.38135896495598,95.10744526828412,183.19230769230768,192,40,0.16681818690836414,0.8217220243719947,0.6706542324711485,0.5102695367245212,0.4992782731897153,0.7115712938377006,0.11925644522966783,0.44605330183099035,0.6513563337555609,0.8301887693198831
ISIC_0024323,1,0.0929629629629629,0.20768,0.839,,0.6376241275946856,171728720.0333333,4,2407.0333333333333,51.38320905212392,0.66525733003659,0.7799985134736895,17.770495342993986,113.20795447378867,150.06451612903226,167,64,0.10265851327314957,0.5517053868548812,0.7429241935709222,0.053695958218395234,0.8005205706711594,0.495476031417621,0.6101515431367527,0.3744634470459648,0.7108366277329802,0.8668460737471435
