{
    "name": "Decision Tree classifier",
    "numFeatures": 3,
    "accuracy": 0.5608591885441527,
    "confusionMatrix": [
        [
            73,
            97
        ],
        [
            87,
            162
        ]
    ],
    "falsePositiveRate": [
        0.0,
        0.5705882352941176,
        1.0
    ],
    "truePositiveRate": [
        0.0,
        0.6506024096385542,
        1.0
    ],
    "areaUnderCurve": 0.5400070871722183,
    "features": [
        "feat_asymmetry",
        "feat_compactness",
        "feat_multicolor"
    ],
    "featureImportances": [
        0.3577688997358059,
        0.2743106953563717,
        0.36792040490782235
    ]
}