{
    "name": "Decision Tree classifier",
    "numFeatures": 3,
    "accuracy": 0.5704057279236276,
    "precision": 0.6342412451361867,
    "recall": 0.6546184738955824,
    "confusionMatrix": [
        [
            76,
            94
        ],
        [
            86,
            163
        ]
    ],
    "falsePositiveRate": [
        0.0,
        0.5529411764705883,
        1.0
    ],
    "truePositiveRate": [
        0.0,
        0.6546184738955824,
        1.0
    ],
    "areaUnderCurve": 0.5508386487124971,
    "features": [
        "feat_asymmetry",
        "feat_compactness",
        "feat_multicolor"
    ],
    "featureImportances": [
        0.35268959414477735,
        0.2853337420510816,
        0.36197666380414106
    ]
}