{
    "name": "Decision Tree classifier",
    "numFeatures": 3,
    "accuracy": 0.5513126491646778,
    "precision": 0.6168582375478927,
    "recall": 0.6465863453815262,
    "confusionMatrix": [
        [
            70,
            100
        ],
        [
            88,
            161
        ]
    ],
    "falsePositiveRate": [
        0.0,
        0.5882352941176471,
        1.0
    ],
    "truePositiveRate": [
        0.0,
        0.6465863453815262,
        1.0
    ],
    "areaUnderCurve": 0.5291755256319395,
    "features": [
        "feat_asymmetry",
        "feat_compactness",
        "feat_multicolor"
    ],
    "featureImportances": [
        0.3643561780608441,
        0.28798930769857967,
        0.34765451424057614
    ]
}