{
    "name": "Logistic Regression model",
    "numFeatures": 2,
    "accuracy": 0.594272076372315,
    "confusionMatrix": [
        [
            24,
            146
        ],
        [
            24,
            225
        ]
    ],
    "falsePositiveRate": [
        0.0,
        0.0,
        0.0058823529411764705,
        0.0058823529411764705,
        0.01764705882352941,
        0.01764705882352941,
        0.03529411764705882,
        0.03529411764705882,
        0.041176470588235294,
        0.041176470588235294,
        0.052941176470588235,
        0.052941176470588235,
        0.058823529411764705,
        0.058823529411764705,
        0.07058823529411765,
        0.07058823529411765,
        0.07647058823529412,
        0.07647058823529412,
        0.08235294117647059,
        0.08235294117647059,
        0.08823529411764706,
        0.08823529411764706,
        0.09411764705882353,
        0.09411764705882353,
        0.1,
        0.1,
        0.10588235294117647,
        0.10588235294117647,
        0.11764705882352941,
        0.11764705882352941,
        0.12352941176470589,
        0.12352941176470589,
        0.12941176470588237,
        0.12941176470588237,
        0.13529411764705881,
        0.13529411764705881,
        0.1411764705882353,
        0.1411764705882353,
        0.14705882352941177,
        0.14705882352941177,
        0.15294117647058825,
        0.15294117647058825,
        0.16470588235294117,
        0.16470588235294117,
        0.17058823529411765,
        0.17058823529411765,
        0.18823529411764706,
        0.18823529411764706,
        0.19411764705882353,
        0.19411764705882353,
        0.2,
        0.2,
        0.20588235294117646,
        0.20588235294117646,
        0.21176470588235294,
        0.21176470588235294,
        0.21764705882352942,
        0.21764705882352942,
        0.2235294117647059,
        0.2235294117647059,
        0.2411764705882353,
        0.2411764705882353,
        0.24705882352941178,
        0.24705882352941178,
        0.25882352941176473,
        0.25882352941176473,
        0.2823529411764706,
        0.2823529411764706,
        0.28823529411764703,
        0.28823529411764703,
        0.29411764705882354,
        0.29411764705882354,
        0.3,
        0.3,
        0.3058823529411765,
        0.3058823529411765,
        0.31176470588235294,
        0.31176470588235294,
        0.3176470588235294,
        0.3176470588235294,
        0.3235294117647059,
        0.3235294117647059,
        0.32941176470588235,
        0.32941176470588235,
        0.3352941176470588,
        0.3352941176470588,
        0.34705882352941175,
        0.34705882352941175,
        0.35294117647058826,
        0.35294117647058826,
        0.3588235294117647,
        0.3588235294117647,
        0.36470588235294116,
        0.36470588235294116,
        0.37058823529411766,
        0.37058823529411766,
        0.38235294117647056,
        0.38235294117647056,
        0.38823529411764707,
        0.38823529411764707,
        0.4,
        0.4,
        0.40588235294117647,
        0.40588235294117647,
        0.4235294117647059,
        0.4235294117647059,
        0.43529411764705883,
        0.43529411764705883,
        0.4411764705882353,
        0.4411764705882353,
        0.4470588235294118,
        0.4470588235294118,
        0.45294117647058824,
        0.45294117647058824,
        0.47058823529411764,
        0.47058823529411764,
        0.4764705882352941,
        0.4764705882352941,
        0.5058823529411764,
        0.5058823529411764,
        0.5117647058823529,
        0.5117647058823529,
        0.5176470588235295,
        0.5176470588235295,
        0.5352941176470588,
        0.5352941176470588,
        0.5411764705882353,
        0.5411764705882353,
        0.5470588235294118,
        0.5470588235294118,
        0.5588235294117647,
        0.5588235294117647,
        0.5647058823529412,
        0.5647058823529412,
        0.5764705882352941,
        0.5764705882352941,
        0.5882352941176471,
        0.5882352941176471,
        0.5941176470588235,
        0.5941176470588235,
        0.6,
        0.6,
        0.6058823529411764,
        0.6058823529411764,
        0.6176470588235294,
        0.6176470588235294,
        0.6235294117647059,
        0.6235294117647059,
        0.6294117647058823,
        0.6294117647058823,
        0.6411764705882353,
        0.6411764705882353,
        0.6529411764705882,
        0.6529411764705882,
        0.6588235294117647,
        0.6588235294117647,
        0.6823529411764706,
        0.6823529411764706,
        0.6882352941176471,
        0.6882352941176471,
        0.711764705882353,
        0.711764705882353,
        0.7352941176470589,
        0.7352941176470589,
        0.7411764705882353,
        0.7411764705882353,
        0.7705882352941177,
        0.7705882352941177,
        0.7764705882352941,
        0.7764705882352941,
        0.7823529411764706,
        0.7823529411764706,
        0.8117647058823529,
        0.8117647058823529,
        0.8235294117647058,
        0.8235294117647058,
        0.8294117647058824,
        0.8294117647058824,
        0.8411764705882353,
        0.8411764705882353,
        0.8470588235294118,
        0.8470588235294118,
        0.8588235294117647,
        0.8588235294117647,
        0.8647058823529412,
        0.8647058823529412,
        0.8764705882352941,
        0.8764705882352941,
        0.888235294117647,
        0.888235294117647,
        0.9,
        0.9,
        0.9058823529411765,
        0.9058823529411765,
        0.9235294117647059,
        0.9235294117647059,
        0.9294117647058824,
        0.9294117647058824,
        0.9352941176470588,
        0.9352941176470588,
        0.9411764705882353,
        0.9411764705882353,
        0.9470588235294117,
        0.9470588235294117,
        0.9882352941176471,
        0.9882352941176471,
        1.0,
        1.0
    ],