{
    "name": "K-Nearest-Neighbors classifier",
    "numFeatures": 3,
    "accuracy": 0.60381861575179,
    "confusionMatrix": [
        [
            65,
            105
        ],
        [
            61,
            188
        ]
    ],
    "falsePositiveRate": [
        0.0,
        0.10588235294117647,
        0.3,
        0.6176470588235294,
        0.8470588235294118,
        0.9764705882352941,
        1.0
    ],
    "truePositiveRate": [
        0.0,
        0.14859437751004015,
        0.43373493975903615,
        0.7550200803212851,
        0.9437751004016064,
        0.9919678714859438,
        1.0
    ],
    "areaUnderCurve": 0.5967399007795889,
    "features": [
        "feat_asymmetry",
        "feat_compactness",
        "feat_multicolor"
    ],
    "featureImportances": null
}