{
    "name": "K-Nearest-Neighbors classifier",
    "numFeatures": 3,
    "accuracy": 0.5751789976133651,
    "precision": 0.6203389830508474,
    "recall": 0.7349397590361446,
    "confusionMatrix": [
        [
            58,
            112
        ],
        [
            66,
            183
        ]
    ],
    "falsePositiveRate": [
        0.0,
        0.12352941176470589,
        0.3411764705882353,
        0.6588235294117647,
        0.8647058823529412,
        0.9647058823529412,
        1.0
    ],
    "truePositiveRate": [
        0.0,
        0.1686746987951807,
        0.46586345381526106,
        0.7349397590361446,
        0.9076305220883534,
        0.9879518072289156,
        1.0
    ],
    "areaUnderCurve": 0.5691353649893692,
    "features": [
        "feat_asymmetry",
        "feat_compactness",
        "feat_multicolor"
    ],
    "featureImportances": null
}