{
    "name": "Decision Tree classifier",
    "numFeatures": 16,
    "accuracy": 0.5648854961832062,
    "precision": 0.7101449275362319,
    "recall": 0.5697674418604651,
    "confusionMatrix": [
        [
            25,
            20
        ],
        [
            37,
            49
        ]
    ],
    "falsePositiveRate": [
        0.0,
        0.4444444444444444,
        1.0
    ],
    "truePositiveRate": [
        0.0,
        0.5697674418604651,
        1.0
    ],
    "areaUnderCurve": 0.5626614987080104,
    "features": [
        "feat_hair",
        "feat_asymmetry",
        "feat_border_irregularity",
        "feat_multiColorRate",
        "feat_convexity",
        "feat_maxBrightness",
        "feat_minBrightness",
        "feat_convexVariance",
        "feat_convexMax",
        "feat_convexAverage",
        "feat_contrast",
        "feat_energy",
        "feat_homogeneity",
        "feat_colorUniformity",
        "feat_averageColor",
        "feat_averageRedness"
    ],
    "featureImportances": [
        0.08248585406365566,
        0.03654513775361739,
        0.08506045612655823,
        0.08593122699696852,
        0.0452410127848749,
        0.0757468253260189,
        0.09673882407955164,
        0.03856136278974801,
        0.04859174063637554,
        0.012757695895522411,
        0.02987661441741369,
        0.028998859602244544,
        0.03537054311774461,
        0.04518160084425388,
        0.10359240526457843,
        0.14931984030087364
    ]
}