{
    "name": "Decision Tree classifier",
    "numFeatures": 16,
    "accuracy": 0.5799522673031027,
    "precision": 0.6447876447876448,
    "recall": 0.6653386454183267,
    "confusionMatrix": [
        [
            76,
            92
        ],
        [
            84,
            167
        ]
    ],
    "falsePositiveRate": [
        0.0,
        0.5476190476190477,
        1.0
    ],
    "truePositiveRate": [
        0.0,
        0.6653386454183267,
        1.0
    ],
    "areaUnderCurve": 0.5588597988996394,
    "features": [
        "feat_hair",
        "feat_asymmetry",
        "feat_border_irregularity",
        "feat_multiColorRate",
        "feat_convexity",
        "feat_maxBrightness",
        "feat_minBrightness",
        "feat_convexVariance",
        "feat_convexMax",
        "feat_convexAverage",
        "feat_contrast",
        "feat_energy",
        "feat_homogeneity",
        "feat_colorUniformity",
        "feat_averageColor",
        "feat_averageRedness"
    ],
    "featureImportances": [
        0.05120976422509305,
        0.12503845487075974,
        0.06116815767364155,
        0.07044644205442796,
        0.04284580713566595,
        0.06750698685749083,
        0.047978547153877595,
        0.03474029322246647,
        0.034502173929377156,
        0.023510647713001095,
        0.07241350288456977,
        0.04351038218179143,
        0.10613895202263628,
        0.07958823414020531,
        0.062363908781551555,
        0.07703774515344429
    ]
}